"Referencia","Valor","Footprint","Cantidad"
"D1","D_Zener 15V","Diode_THT:D_DO-35_SOD27_P12.70mm_Horizontal","1"
"J1,J2","WAGO_236-402","SnapEDA:TerminalBlock_WAGO_236-402_1x02_P5.00mm_45Degree","2"
"J3","PPTC041LFBN-RC","SnapEDA:SULLINS_PPTC041LFBN-RC","1"
"PS1","MC00100","SnapEDA:CONV_MC00100","1"
"Q1","FGH60N60SFD","SnapEDA:TO-247-3_Vertical","1"
"R1","R_150","Resistor_THT:R_Axial_DIN0204_L3.6mm_D1.6mm_P7.62mm_Horizontal","1"
"R2","R_100","Resistor_THT:R_Axial_DIN0204_L3.6mm_D1.6mm_P7.62mm_Horizontal","1"
"R3","R_560","Resistor_THT:R_Axial_DIN0204_L3.6mm_D1.6mm_P7.62mm_Horizontal","1"
"R4","WH148-1A-2-18T-L20","SnapEDA:TRIM_WH148-1A-2-18T-L20","1"
"U1","PC817","Package_DIP:DIP-4_W7.62mm","1"
"U2","ESP32-C3_SUPERMINI_TH","SnapEDA:MODULE_ESP32-C3_SUPERMINI_TH","1"
